Pestaña,Set_Parenting,Categoria_Tipo,Nombre,Link,Temporada
S1,Series 1,Core Bakugan,Centipoid,https://bakugan.fandom.com/wiki/Centipoid,S1 (Battle Brawlers)
S1,Series 1,Core Bakugan,Dragonoid,https://bakugan.fandom.com/wiki/Dragonoid,S1 (Battle Brawlers)
S1,Series 1,Core Bakugan,Falconeer,https://bakugan.fandom.com/wiki/Falconeer,S1 (Battle Brawlers)
S1,Series 1,Core Bakugan,Fear Ripper,https://bakugan.fandom.com/wiki/Fear_Ripper,S1 (Battle Brawlers)
S1,Series 1,Core Bakugan,Gorem,https://bakugan.fandom.com/wiki/Gorem,S1 (Battle Brawlers)
S1,Series 1,Core Bakugan,Griffon,https://bakugan.fandom.com/wiki/Griffon,S1 (Battle Brawlers)
S1,Series 1,Core Bakugan,Juggernoid,https://bakugan.fandom.com/wiki/Juggernoid,S1 (Battle Brawlers)
S1,Series 1,Core Bakugan,Laserman,https://bakugan.fandom.com/wiki/Laserman,S1 (Battle Brawlers)
S1,Series 1,Core Bakugan,Reaper,https://bakugan.fandom.com/wiki/Reaper,S1 (Battle Brawlers)
S1,Series 1,Core Bakugan,Robotallion,https://bakugan.fandom.com/wiki/Robotallion,S1 (Battle Brawlers)
S1,Series 1,Core Bakugan,Saurus,https://bakugan.fandom.com/wiki/Saurus,S1 (Battle Brawlers)
S1,Series 1,Core Bakugan,Serpenoid,https://bakugan.fandom.com/wiki/Serpenoid,S1 (Battle Brawlers)
S1,Series 1,Core Bakugan,Skyress,https://bakugan.fandom.com/wiki/Skyress,S1 (Battle Brawlers)
S1,Series 1,Core Bakugan,Stinglash,https://bakugan.fandom.com/wiki/Stinglash,S1 (Battle Brawlers)
S1,Series 1,Core Bakugan,Tigrerra,https://bakugan.fandom.com/wiki/Tigrerra,S1 (Battle Brawlers)
S1,Series 1,Special Attack,Delta Dragonoid,https://bakugan.fandom.com/wiki/Delta_Dragonoid,S1 (Battle Brawlers)
S1,Series 1,Special Attack,Dual Hydranoid,https://bakugan.fandom.com/wiki/Dual_Hydranoid,S1 (Battle Brawlers)
S1,Series 1,Special Attack,Preyas,https://bakugan.fandom.com/wiki/Preyas,S1 (Battle Brawlers)
S1,Series 1,Special Types Introduced,Clear,https://bakugan.fandom.com/wiki/Clear,S1 (Battle Brawlers)
S1,Series 1,Special Types Introduced,Pearl,https://bakugan.fandom.com/wiki/Pearl,S1 (Battle Brawlers)
S1,Series 1,Special Types Introduced,Translucent,https://bakugan.fandom.com/wiki/Translucent_Bakugan,S1 (Battle Brawlers)
S1,Series 2,Core Bakugan,Cycloid,https://bakugan.fandom.com/wiki/Cycloid,S1 (Battle Brawlers)
S1,Series 2,Core Bakugan,Gargonoid,https://bakugan.fandom.com/wiki/Gargonoid,S1 (Battle Brawlers)
S1,Series 2,Core Bakugan,Hynoid,https://bakugan.fandom.com/wiki/Hynoid,S1 (Battle Brawlers)
S1,Series 2,Core Bakugan,Manion,https://bakugan.fandom.com/wiki/Manion,S1 (Battle Brawlers)
S1,Series 2,Core Bakugan,Mantris,https://bakugan.fandom.com/wiki/Mantris,S1 (Battle Brawlers)
S1,Series 2,Core Bakugan,Siege,https://bakugan.fandom.com/wiki/Siege,S1 (Battle Brawlers)
S1,Series 2,Core Bakugan,Terrorclaw,https://bakugan.fandom.com/wiki/Terrorclaw,S1 (Battle Brawlers)
S1,Series 2,Core Bakugan,Tuskor,https://bakugan.fandom.com/wiki/Tuskor,S1 (Battle Brawlers)
S1,BakuPearl Series,Core Bakugan,Blade Tigrerra,https://bakugan.fandom.com/wiki/Blade_Tigrerra,S1 (Battle Brawlers)
S1,BakuPearl Series,Core Bakugan,Preyas Diablo,https://bakugan.fandom.com/wiki/AngeloDiablo_Preyas,S1 (Battle Brawlers)
S1,BakuPearl Series,Core Bakugan,Hammer Gorem,https://bakugan.fandom.com/wiki/Hammer_Gorem,S1 (Battle Brawlers)
S1,BakuPearl Series,Core Bakugan,Limulus,https://bakugan.fandom.com/wiki/Limulus,S1 (Battle Brawlers)
S1,BakuPearl Series,Core Bakugan,Ravenoid,https://bakugan.fandom.com/wiki/Ravenoid,S1 (Battle Brawlers)
S1,BakuPearl Series,Core Bakugan,Storm Skyress,https://bakugan.fandom.com/wiki/Storm_Skyress,S1 (Battle Brawlers)
S1,BakuPearl Series,Core Bakugan,Warius,https://bakugan.fandom.com/wiki/Warius,S1 (Battle Brawlers)
S1,BakuPearl Series,Core Bakugan,Wormquake,https://bakugan.fandom.com/wiki/Wormquake,S1 (Battle Brawlers)
S1,BakuClear Series,Core Bakugan,Bee Striker,https://bakugan.fandom.com/wiki/Bee_Striker,S1 (Battle Brawlers)
S1,BakuClear Series,Core Bakugan,El Condor,https://bakugan.fandom.com/wiki/El_Condor,S1 (Battle Brawlers)
S1,BakuClear Series,Core Bakugan,Fourtress,https://bakugan.fandom.com/wiki/Fourtress,S1 (Battle Brawlers)
S1,BakuClear Series,Core Bakugan,Harpus,https://bakugan.fandom.com/wiki/Harpus,S1 (Battle Brawlers)
S1,BakuClear Series,Core Bakugan,Monarus,https://bakugan.fandom.com/wiki/Monarus,S1 (Battle Brawlers)
S1,BakuClear Series,Core Bakugan,Rattleoid,https://bakugan.fandom.com/wiki/Rattleoid,S1 (Battle Brawlers)
S1,BakuClear Series,Core Bakugan,Sirenoid,https://bakugan.fandom.com/wiki/Sirenoid,S1 (Battle Brawlers)
S1,BakuClear Series,Core Bakugan,Tentaclear,https://bakugan.fandom.com/wiki/Tentaclear,S1 (Battle Brawlers)
S1,BakuSwap Series,Core Bakugan,Apollonir,https://bakugan.fandom.com/wiki/Apollonir,S1 (Battle Brawlers)
S1,BakuSwap Series,Core Bakugan,Clayf,https://bakugan.fandom.com/wiki/Clayf,S1 (Battle Brawlers)
S1,BakuSwap Series,Core Bakugan,Exedra,https://bakugan.fandom.com/wiki/Exedra,S1 (Battle Brawlers)
S1,BakuSwap Series,Core Bakugan,Frosch,https://bakugan.fandom.com/wiki/Frosch,S1 (Battle Brawlers)
S1,BakuSwap Series,Core Bakugan,Lars Lion,https://bakugan.fandom.com/wiki/Lars_Lion,S1 (Battle Brawlers)
S1,BakuSwap Series,Core Bakugan,Naga,https://bakugan.fandom.com/wiki/Naga,S1 (Battle Brawlers)
S1,BakuSwap Series,Core Bakugan,Oberus,https://bakugan.fandom.com/wiki/Oberus,S1 (Battle Brawlers)
S1,BakuSwap Series,Core Bakugan,Wavern,https://bakugan.fandom.com/wiki/Wavern,S1 (Battle Brawlers)
S1,BakuSwap Series,Special Types Introduced,Dual Attribute,https://bakugan.fandom.com/wiki/Dual_Attribute,S1 (Battle Brawlers)
S1,Anime Exclusive,Core Bakugan,Centorrior,https://bakugan.fandom.com/wiki/Centorrior,S1 (Battle Brawlers)
S1,Anime Exclusive,Core Bakugan,Druman,https://bakugan.fandom.com/wiki/Druman,S1 (Battle Brawlers)
S1,Anime Exclusive,Core Bakugan,Fifth Paladin,https://bakugan.fandom.com/wiki/Fifth_Paladin,S1 (Battle Brawlers)
S1,Anime Exclusive,Core Bakugan,Hairadee,https://bakugan.fandom.com/wiki/Hairadee,S1 (Battle Brawlers)
S1,Anime Exclusive,Core Bakugan,Rabeeder,https://bakugan.fandom.com/wiki/Rabeeder,S1 (Battle Brawlers)
S1,Anime Exclusive,Core Bakugan,Silent Naga,https://bakugan.fandom.com/wiki/Silent_Naga,S1 (Battle Brawlers)
S1,Anime Exclusive,Core Bakugan,Tayghen,https://bakugan.fandom.com/wiki/Tayghen,S1 (Battle Brawlers)
S1,Anime Exclusive,Core Bakugan,Tricloid,https://bakugan.fandom.com/wiki/Tricloid,S1 (Battle Brawlers)
S1,Anime Exclusive,Core Bakugan,Ultimate Dragonoid,https://bakugan.fandom.com/wiki/Ultimate_Dragonoid,S1 (Battle Brawlers)
S1,Video Game Exclusive,Core Bakugan,Battle Ax Vladitor,https://bakugan.fandom.com/wiki/Battle_Ax_Vladitor,S1 (Battle Brawlers)
S1,Video Game Exclusive,Core Bakugan,Leonidas,https://bakugan.fandom.com/wiki/Leonidas,S1 (Battle Brawlers)
S1,Video Game Exclusive,Core Bakugan,Omega Leonidas,https://bakugan.fandom.com/wiki/Omega_Leonidas,S1 (Battle Brawlers)
S1,Video Game Exclusive,Core Bakugan,Vladitor,https://bakugan.fandom.com/wiki/Vladitor,S1 (Battle Brawlers)
S2,Set E,Core Bakugan,Brontes,https://bakugan.fandom.com/wiki/Brontes,S2 (BB New Vestroia)
S2,Set E,Core Bakugan,Cosmic Ingram,https://bakugan.fandom.com/wiki/Cosmic_Ingram,S2 (BB New Vestroia)
S2,Set E,Core Bakugan,Midnight Percival,https://bakugan.fandom.com/wiki/Midnight_Percival,S2 (BB New Vestroia)
S2,Set E,Core Bakugan,Nemus,https://bakugan.fandom.com/wiki/Nemus,S2 (BB New Vestroia)
S2,Set E,Core Bakugan,Neo Dragonoid,https://bakugan.fandom.com/wiki/Neo_Dragonoid,S2 (BB New Vestroia)
S2,Set E,Core Bakugan,Skyress,https://bakugan.fandom.com/wiki/Skyress,S2 (BB New Vestroia)
S2,Set E,Core Bakugan,Storm Skyress,https://bakugan.fandom.com/wiki/Storm_Skyress,S2 (BB New Vestroia)
S2,Set E,Core Bakugan,Percival,https://bakugan.fandom.com/wiki/Percival,S2 (BB New Vestroia)
S2,Set E,Core Bakugan,Pyro Dragonoid,https://bakugan.fandom.com/wiki/Pyro_Dragonoid,S2 (BB New Vestroia)
S2,Set E,Core Bakugan,Wilda,https://bakugan.fandom.com/wiki/Wilda,S2 (BB New Vestroia)
S2,Set E,Bakugan Traps,Baliton,https://bakugan.fandom.com/wiki/Baliton,S2 (BB New Vestroia)
S2,Set E,Bakugan Traps,Carlsnaut,https://bakugan.fandom.com/wiki/Carlsnaut,S2 (BB New Vestroia)
S2,Set E,Bakugan Traps,Fire Scorpion,https://bakugan.fandom.com/wiki/Fire_Scorpion,S2 (BB New Vestroia)
S2,Set E,Bakugan Traps,Metalfencer,https://bakugan.fandom.com/wiki/Metalfencer,S2 (BB New Vestroia)
S2,Set E,Bakugan Traps,Scorpion,https://bakugan.fandom.com/wiki/Scorpion,S2 (BB New Vestroia)
S2,Set E,Bakugan Traps,Pythantus,https://bakugan.fandom.com/wiki/Pythantus,S2 (BB New Vestroia)
S2,Set E,Bakugan Traps,Tripod Epsilon,https://bakugan.fandom.com/wiki/Tripod_Epsilon,S2 (BB New Vestroia)
S2,Set E,Bakugan Traps,Zoack,https://bakugan.fandom.com/wiki/Zoack,S2 (BB New Vestroia)
S2,Set E,Special Attack,Alpha Hydranoid,https://bakugan.fandom.com/wiki/Alpha_Hydranoid,S2 (BB New Vestroia)
S2,Set E,Special Attack,Boost Ingram,https://bakugan.fandom.com/wiki/Boost_Ingram,S2 (BB New Vestroia)
S2,Set E,Special Attack,Delta Dragonoid,https://bakugan.fandom.com/wiki/Delta_Dragonoid,S2 (BB New Vestroia)
S2,Set E,Special Attack,Dual Hydranoid,https://bakugan.fandom.com/wiki/Dual_Hydranoid,S2 (BB New Vestroia)
S2,Set E,Special Attack,Elfin,https://bakugan.fandom.com/wiki/Elfin,S2 (BB New Vestroia)
S2,Set E,Special Attack,Premo Vulcan,https://bakugan.fandom.com/wiki/Premo_Vulcan,S2 (BB New Vestroia)
S2,Set E,Special Attack,Preyas,https://bakugan.fandom.com/wiki/Preyas,S2 (BB New Vestroia)
S2,Set E,Special Attack,Preyas II,https://bakugan.fandom.com/wiki/AngeloDiablo_Preyas,S2 (BB New Vestroia)
S2,Set E,Special Attack,Spin Dragonoid,https://bakugan.fandom.com/wiki/Spin_Dragonoid,S2 (BB New Vestroia)
S2,Set E,Special Attack,Spin Ravenoid,https://bakugan.fandom.com/wiki/Spin_Ravenoid,S2 (BB New Vestroia)
S2,Set E,Special Attack,Vandarus,https://bakugan.fandom.com/wiki/Vandarus,S2 (BB New Vestroia)
S2,Set E,Special Types Introduced,BakuNeon,https://bakugan.fandom.com/wiki/BakuNeon,S2 (BB New Vestroia)
S2,Set F,Core Bakugan,Cyborg Helios,https://bakugan.fandom.com/wiki/Cyborg_Helios,S2 (BB New Vestroia)
S2,Set F,Core Bakugan,Dual Elfin,https://bakugan.fandom.com/wiki/Dual_Elfin,S2 (BB New Vestroia)
S2,Set F,Core Bakugan,Hades,https://bakugan.fandom.com/wiki/Hades,S2 (BB New Vestroia)
S2,Set F,Core Bakugan,Klawgor,https://bakugan.fandom.com/wiki/Klawgor,S2 (BB New Vestroia)
S2,Set F,Core Bakugan,Leefram,https://bakugan.fandom.com/wiki/Leefram,S2 (BB New Vestroia)
S2,Set F,Core Bakugan,Mega Nemus,https://bakugan.fandom.com/wiki/Mega_Nemus,S2 (BB New Vestroia)
S2,Set F,Core Bakugan,Scraper,https://bakugan.fandom.com/wiki/Scraper,S2 (BB New Vestroia)
S2,Set F,Core Bakugan,Shadow Vulcan,https://bakugan.fandom.com/wiki/Shadow_Vulcan,S2 (BB New Vestroia)
S2,Set F,Bakugan Traps,Piercian,https://bakugan.fandom.com/wiki/Piercian,S2 (BB New Vestroia)
S2,Set F,Bakugan Traps,Triad El Condor,https://bakugan.fandom.com/wiki/Triad_El_Condor,S2 (BB New Vestroia)
S2,Set F,Bakugan Traps,Triad Sphinx,https://bakugan.fandom.com/wiki/Triad_Sphinx,S2 (BB New Vestroia)
S2,Set F,Bakugan Traps,Tripod Theta,https://bakugan.fandom.com/wiki/Tripod_Theta,S2 (BB New Vestroia)
S2,Set F,Special Attack,Elico,https://bakugan.fandom.com/wiki/Elico,S2 (BB New Vestroia)
S2,Set F,Special Attack,Neo Dragonoid Vortex,https://bakugan.fandom.com/wiki/Neo_Dragonoid_Vortex,S2 (BB New Vestroia)
S2,Set F,Special Attack,Turbine Hades,https://bakugan.fandom.com/wiki/Turbine_Hades,S2 (BB New Vestroia)
S2,Set F,Special Attack,Turbine Helios,https://bakugan.fandom.com/wiki/Turbine_Helios,S2 (BB New Vestroia)
S2,Set F,Special Types Introduced,BakuBronze,https://bakugan.fandom.com/wiki/BakuBronze,S2 (BB New Vestroia)
S2,Set G,Core Bakugan,Alpha Percival,https://bakugan.fandom.com/wiki/Alpha_Percival,S2 (BB New Vestroia)
S2,Set G,Core Bakugan,Fencer,https://bakugan.fandom.com/wiki/Fencer,S2 (BB New Vestroia)
S2,Set G,Core Bakugan,Foxbat,https://bakugan.fandom.com/wiki/Foxbat,S2 (BB New Vestroia)
S2,Set G,Core Bakugan,Mega Brontes,https://bakugan.fandom.com/wiki/Mega_Brontes,S2 (BB New Vestroia)
S2,Set G,Core Bakugan,Spindle,https://bakugan.fandom.com/wiki/Spindle,S2 (BB New Vestroia)
S2,Set G,Bakugan Traps,Falcon Fly,https://bakugan.fandom.com/wiki/Falcon_Fly,S2 (BB New Vestroia)
S2,Set G,Bakugan Traps,Hexados,https://bakugan.fandom.com/wiki/Hexados,S2 (BB New Vestroia)
S2,Set G,Bakugan Traps,Legionoid,https://bakugan.fandom.com/wiki/Legionoid,S2 (BB New Vestroia)
S2,Set G,Special Attack,Alpha Percival Cyclone,https://bakugan.fandom.com/wiki/Alpha_Percival_Cyclone,S2 (BB New Vestroia)
S2,Set G,Special Attack,Dual Elfin Revolution,https://bakugan.fandom.com/wiki/Dual_Elfin_Revolution,S2 (BB New Vestroia)
S2,Set G,Special Attack,Infinity Dragonoid,https://bakugan.fandom.com/wiki/Infinity_Dragonoid,S2 (BB New Vestroia)
S2,Set G,Special Attack,Percival Vortex,https://bakugan.fandom.com/wiki/Percival_Vortex,S2 (BB New Vestroia)
S2,Set G,Special Attack,Turbine Dragonoid,https://bakugan.fandom.com/wiki/Turbine_Dragonoid,S2 (BB New Vestroia)
S2,Set G,Special Types Introduced,BakuGlow,https://bakugan.fandom.com/wiki/BakuGlow,S2 (BB New Vestroia)
S2,Set H,Core Bakugan,Altair,https://bakugan.fandom.com/wiki/Altair,S2 (BB New Vestroia)
S2,Set H,Core Bakugan,Hyper Dragonoid,https://bakugan.fandom.com/wiki/Hyper_Dragonoid,S2 (BB New Vestroia)
S2,Set H,Core Bakugan,Ingram,https://bakugan.fandom.com/wiki/Ingram,S2 (BB New Vestroia)
S2,Set H,Core Bakugan,Viper Helios,https://bakugan.fandom.com/wiki/Viper_Helios,S2 (BB New Vestroia)
S2,Set H,Core Bakugan,Wired,https://bakugan.fandom.com/wiki/Wired,S2 (BB New Vestroia)
S2,Set H,Bakugan Traps,Fortress,https://bakugan.fandom.com/wiki/Fortress,S2 (BB New Vestroia)
S2,Set H,Special Attack,Cyclone Dragonoid,https://bakugan.fandom.com/wiki/Cyclone_Dragonoid,S2 (BB New Vestroia)
S2,Set H,Special Attack,Orbit Helios,https://bakugan.fandom.com/wiki/Orbit_Helios,S2 (BB New Vestroia)
S2,Set H,Special Types Introduced,BakuSteel,https://bakugan.fandom.com/wiki/BakuSteel,S2 (BB New Vestroia)
S2,Set I,Core Bakugan,Abis Omega,https://bakugan.fandom.com/wiki/Abis_Omega,S2 (BB New Vestroia)
S2,Set I,Core Bakugan,Alto Brontes,https://bakugan.fandom.com/wiki/Alto_Brontes,S2 (BB New Vestroia)
S2,Set I,Core Bakugan,Moskeeto,https://bakugan.fandom.com/wiki/Moskeeto,S2 (BB New Vestroia)
S2,Set I,Core Bakugan,Neo Dragonoid (7in1 Maxus),https://bakugan.fandom.com/wiki/Neo_Dragonoid_(7in1_Maxus),S2 (BB New Vestroia)
S2,Set I,Core Bakugan,Thunder Wilda,https://bakugan.fandom.com/wiki/Thunder_Wilda,S2 (BB New Vestroia)
S2,Set I,Core Bakugan,Verias,https://bakugan.fandom.com/wiki/Verias,S2 (BB New Vestroia)
S2,Set I,Bakugan Traps,Brachium,https://bakugan.fandom.com/wiki/Brachium,S2 (BB New Vestroia)
S2,Set I,Bakugan Traps,Dark Hound,https://bakugan.fandom.com/wiki/Dark_Hound,S2 (BB New Vestroia)
S2,Set I,Bakugan Traps,Dynamo,https://bakugan.fandom.com/wiki/Dynamo,S2 (BB New Vestroia)
S2,Set I,Bakugan Traps,Grafias,https://bakugan.fandom.com/wiki/Grafias,S2 (BB New Vestroia)
S2,Set I,Bakugan Traps,Grakas Hound,https://bakugan.fandom.com/wiki/Grakas_Hound,S2 (BB New Vestroia)
S2,Set I,Bakugan Traps,Hylash,https://bakugan.fandom.com/wiki/Hylash,S2 (BB New Vestroia)
S2,Set I,Bakugan Traps,Spitarm,https://bakugan.fandom.com/wiki/Spitarm,S2 (BB New Vestroia)
S2,Set I,Bakugan Traps,Spyderfencer,https://bakugan.fandom.com/wiki/Spyderfencer,S2 (BB New Vestroia)
S2,Set I,Special Attack,Mystic Elico,https://bakugan.fandom.com/wiki/Mystic_Elico,S2 (BB New Vestroia)
S2,Set I,Special Attack,White Naga,https://bakugan.fandom.com/wiki/White_Naga,S2 (BB New Vestroia)
S2,Set I,Bakugan Formations,Maxus Dragonoid,https://bakugan.fandom.com/wiki/Maxus_Dragonoid,S2 (BB New Vestroia)
S2,Set I,Bakugan Formations,Maxus Helios,https://bakugan.fandom.com/wiki/Maxus_Helios,S2 (BB New Vestroia)
S2,Set I,Special Types Introduced,BakuCore,https://bakugan.fandom.com/wiki/BakuCore_(B3),S2 (BB New Vestroia)
S2,Set I,Special Types Introduced,BakuCrystal,https://bakugan.fandom.com/wiki/BakuCrystal,S2 (BB New Vestroia)
S2,Set I,Special Types Introduced,BakuFlip,https://bakugan.fandom.com/wiki/BakuFlip,S2 (BB New Vestroia)
S2,Set J,Core Bakugan,Atmos,https://bakugan.fandom.com/wiki/Atmos,S2 (BB New Vestroia)
S2,Set J,Core Bakugan,Freezer,https://bakugan.fandom.com/wiki/Freezer,S2 (BB New Vestroia)
S2,Set J,Core Bakugan,Myriad Hades,https://bakugan.fandom.com/wiki/Myriad_Hades,S2 (BB New Vestroia)
S2,Set J,Core Bakugan,Stug,https://bakugan.fandom.com/wiki/Stug,S2 (BB New Vestroia)
S2,Set J,Core Bakugan,Ultra Dragonoid,https://bakugan.fandom.com/wiki/Ultra_Dragonoid,S2 (BB New Vestroia)
S2,Set J,Bakugan Traps,Hexstar,https://bakugan.fandom.com/wiki/Hexstar,S2 (BB New Vestroia)
S2,Set J,Special Attack,Moonlit Monarus,https://bakugan.fandom.com/wiki/Moonlit_Monarus,S2 (BB New Vestroia)
S2,Set J,Special Attack,Ultra Dragonoid Typhoon,https://bakugan.fandom.com/wiki/Ultra_Dragonoid_Typhoon,S2 (BB New Vestroia)
S2,Set J,Special Types Introduced,BakuFrost,https://bakugan.fandom.com/wiki/BakuFrost,S2 (BB New Vestroia)
S2,Set J,Special Types Introduced,BakuLyte,https://bakugan.fandom.com/wiki/BakuLyte,S2 (BB New Vestroia)
S2,Set J,Special Types Introduced,BakuMutation,https://bakugan.fandom.com/wiki/BakuMutation,S2 (BB New Vestroia)
S2,Set J,Special Types Introduced,BakuSolar,https://bakugan.fandom.com/wiki/BakuSolar,S2 (BB New Vestroia)
S2,Set J,Core Bakugan,Blast Elico,https://bakugan.fandom.com/wiki/Blast_Elico,S2 (BB New Vestroia)
S2,Set J,Core Bakugan,Cross Dragonoid,https://bakugan.fandom.com/wiki/Cross_Dragonoid,S2 (BB New Vestroia)
S2,Set J,Core Bakugan,Dryoid,https://bakugan.fandom.com/wiki/Dryoid,S2 (BB New Vestroia)
S2,Set J,Core Bakugan,Helios MK2,https://bakugan.fandom.com/wiki/Helios_MK2,S2 (BB New Vestroia)
S2,Set J,Core Bakugan,Knight Percival,https://bakugan.fandom.com/wiki/Knight_Percival,S2 (BB New Vestroia)
S2,Set J,Core Bakugan,Master Ingram,https://bakugan.fandom.com/wiki/Master_Ingram,S2 (BB New Vestroia)
S2,Set J,Core Bakugan,Minx Elfin,https://bakugan.fandom.com/wiki/Minx_Elfin,S2 (BB New Vestroia)
S2,Set J,Core Bakugan,Vexos Dragonoid,https://bakugan.fandom.com/wiki/Vexos_Dragonoid,S2 (BB New Vestroia)
S2,Set J,Bakugan Traps,Tripod Theta MK2,https://bakugan.fandom.com/wiki/Tripod_Theta_MK2,S2 (BB New Vestroia)
S2,Set J,Bakugan Formations,Maxus Cross Dragonoid,https://bakugan.fandom.com/wiki/Maxus_Cross_Dragonoid,S2 (BB New Vestroia)
S2,Set J,Bakugan Formations,Maxus Helios MK2,https://bakugan.fandom.com/wiki/Maxus_Helios_MK2,S2 (BB New Vestroia)
S2,Anime Exclusive Bakugan,Core Bakugan,Aluze,https://bakugan.fandom.com/wiki/Aluze,S2 (BB New Vestroia)
S2,Anime Exclusive Bakugan,Core Bakugan,Anchorsaur,https://bakugan.fandom.com/wiki/Anchorsaur,S2 (BB New Vestroia)
S2,Anime Exclusive Bakugan,Core Bakugan,Atchibee,https://bakugan.fandom.com/wiki/Atchibee,S2 (BB New Vestroia)
S2,Anime Exclusive Bakugan,Core Bakugan,Boriates,https://bakugan.fandom.com/wiki/Boriates,S2 (BB New Vestroia)
S2,Anime Exclusive Bakugan,Core Bakugan,Clawcer,https://bakugan.fandom.com/wiki/Clawcer,S2 (BB New Vestroia)
S2,Anime Exclusive Bakugan,Core Bakugan,Farbros,https://bakugan.fandom.com/wiki/Farbros,S2 (BB New Vestroia)
S2,Anime Exclusive Bakugan,Core Bakugan,Fly Beetle,https://bakugan.fandom.com/wiki/Fly_Beetle,S2 (BB New Vestroia)
S2,Anime Exclusive Bakugan,Core Bakugan,Goblinball,https://bakugan.fandom.com/wiki/Goblinball,S2 (BB New Vestroia)
S2,Anime Exclusive Bakugan,Core Bakugan,Hammersaur,https://bakugan.fandom.com/wiki/Hammersaur,S2 (BB New Vestroia)
S2,Anime Exclusive Bakugan,Core Bakugan,Jelldon,https://bakugan.fandom.com/wiki/Jelldon,S2 (BB New Vestroia)
S2,Anime Exclusive Bakugan,Core Bakugan,MAC Spider,https://bakugan.fandom.com/wiki/MAC_Spider,S2 (BB New Vestroia)
S2,Anime Exclusive Bakugan,Core Bakugan,Macubass,https://bakugan.fandom.com/wiki/Macubass,S2 (BB New Vestroia)
S2,Anime Exclusive Bakugan,Core Bakugan,Magma Wilda,https://bakugan.fandom.com/wiki/Magma_Wilda,S2 (BB New Vestroia)
S2,Anime Exclusive Bakugan,Core Bakugan,Rafflesian,https://bakugan.fandom.com/wiki/Rafflesian,S2 (BB New Vestroia)
S2,Anime Exclusive Bakugan,Core Bakugan,Rex Vulcan,https://bakugan.fandom.com/wiki/Rex_Vulcan,S2 (BB New Vestroia)
S2,Anime Exclusive Bakugan,Core Bakugan,Saint Nemus,https://bakugan.fandom.com/wiki/Saint_Nemus,S2 (BB New Vestroia)
S2,Anime Exclusive Bakugan,Core Bakugan,Shadow Wing,https://bakugan.fandom.com/wiki/Shadow_Wing,S2 (BB New Vestroia)
S2,Anime Exclusive Bakugan,Core Bakugan,Sylvee,https://bakugan.fandom.com/wiki/Sylvee,S2 (BB New Vestroia)
S2,Anime Exclusive Bakugan,Core Bakugan,Wontu,https://bakugan.fandom.com/wiki/Wontu,S2 (BB New Vestroia)
S2,Anime Exclusive Bakugan,Bakugan Formations,Assail Farbros,https://bakugan.fandom.com/wiki/Assail_Farbros,S2 (BB New Vestroia)
S2,Anime Exclusive Bakugan,Special Attack,Flare Wilda,https://bakugan.fandom.com/wiki/Flare_Wilda,S2 (BB New Vestroia)
S2,Anime Exclusive Bakugan,Special Attack,Maxila,https://bakugan.fandom.com/wiki/Maxila,S2 (BB New Vestroia)
S2,Anime Exclusive Bakugan,Bakugan Traps,Flash Falcon Fly,https://bakugan.fandom.com/wiki/Flash_Falcon_Fly,S2 (BB New Vestroia)
S3,Set K,Core Bakugan,Avior,https://bakugan.fandom.com/wiki/Avior,S3 (Gundalian Invaders)
S3,Set K,Core Bakugan,Coredem,https://bakugan.fandom.com/wiki/Coredem,S3 (Gundalian Invaders)
S3,Set K,Core Bakugan,Cosmic Ingram,https://bakugan.fandom.com/wiki/Cosmic_Ingram,S3 (Gundalian Invaders)
S3,Set K,Core Bakugan,Cyborg Helios,https://bakugan.fandom.com/wiki/Cyborg_Helios,S3 (Gundalian Invaders)
S3,Set K,Core Bakugan,Dharak,https://bakugan.fandom.com/wiki/Dharak,S3 (Gundalian Invaders)
S3,Set K,Core Bakugan,Fencer,https://bakugan.fandom.com/wiki/Fencer,S3 (Gundalian Invaders)
S3,Set K,Core Bakugan,Foxbat,https://bakugan.fandom.com/wiki/Foxbat,S3 (Gundalian Invaders)
S3,Set K,Core Bakugan,Hades,https://bakugan.fandom.com/wiki/Hades,S3 (Gundalian Invaders)
S3,Set K,Core Bakugan,Helix Dragonoid,https://bakugan.fandom.com/wiki/Helix_Dragonoid,S3 (Gundalian Invaders)
S3,Set K,Core Bakugan,Hyper Dragonoid,https://bakugan.fandom.com/wiki/Hyper_Dragonoid,S3 (Gundalian Invaders)
S3,Set K,Core Bakugan,Ingram,https://bakugan.fandom.com/wiki/Ingram,S3 (Gundalian Invaders)
S3,Set K,Core Bakugan,Lumagrowl,https://bakugan.fandom.com/wiki/Lumagrowl,S3 (Gundalian Invaders)
S3,Set K,Core Bakugan,Neo Dragonoid,https://bakugan.fandom.com/wiki/Neo_Dragonoid,S3 (Gundalian Invaders)
S3,Set K,Core Bakugan,Phosphos,https://bakugan.fandom.com/wiki/Phosphos,S3 (Gundalian Invaders)
S3,Set K,Core Bakugan,Snapzoid,https://bakugan.fandom.com/wiki/Snapzoid,S3 (Gundalian Invaders)
S3,Set K,Core Bakugan,Strikeflier,https://bakugan.fandom.com/wiki/Strikeflier,S3 (Gundalian Invaders)
S3,Set K,Core Bakugan,Viper Helios,https://bakugan.fandom.com/wiki/Viper_Helios,S3 (Gundalian Invaders)
S3,Set K,Core Bakugan,Wilda,https://bakugan.fandom.com/wiki/Wilda,S3 (Gundalian Invaders)
S3,Set K,Battle Gear,AirKor,https://bakugan.fandom.com/wiki/AirKor,S3 (Gundalian Invaders)
S3,Set K,Battle Gear,Battle Turbine,https://bakugan.fandom.com/wiki/Battle_Turbine,S3 (Gundalian Invaders)
S3,Set K,Battle Gear,JetKor,https://bakugan.fandom.com/wiki/JetKor,S3 (Gundalian Invaders)
S3,Set K,Battle Gear,Rock Hammer,https://bakugan.fandom.com/wiki/Rock_Hammer,S3 (Gundalian Invaders)
S3,Set K,Battle Gear,Twin Destructor,https://bakugan.fandom.com/wiki/Twin_Destructor,S3 (Gundalian Invaders)
S3,Set K,Battle Gear,Vilantor Gear,https://bakugan.fandom.com/wiki/Vilantor_Gear,S3 (Gundalian Invaders)
S3,Set K,Super Assault,Chance Dragonoid,https://bakugan.fandom.com/wiki/Chance_Dragonoid,S3 (Gundalian Invaders)
S3,Set K,Super Assault,Clawsaurus,https://bakugan.fandom.com/wiki/Clawsaurus,S3 (Gundalian Invaders)
S3,Set K,Super Assault,Farakspin,https://bakugan.fandom.com/wiki/Farakspin,S3 (Gundalian Invaders)
S3,Set K,Super Assault,Lumitroid,https://bakugan.fandom.com/wiki/Lumitroid,S3 (Gundalian Invaders)
S3,Set K,Super Assault,Quake Dragonoid,https://bakugan.fandom.com/wiki/Quake_Dragonoid,S3 (Gundalian Invaders)
S3,Set K,Bakugan Traps,Baliton,https://bakugan.fandom.com/wiki/Baliton,S3 (Gundalian Invaders)
S3,Set K,Bakugan Traps,Carlsnaut,https://bakugan.fandom.com/wiki/Carlsnaut,S3 (Gundalian Invaders)
S3,Set K,Bakugan Traps,Fourtress,https://bakugan.fandom.com/wiki/Fourtress,S3 (Gundalian Invaders)
S3,Set K,Bakugan Traps,Hylash,https://bakugan.fandom.com/wiki/Hylash,S3 (Gundalian Invaders)
S3,Set K,Bakugan Traps,Legionoid,https://bakugan.fandom.com/wiki/Legionoid,S3 (Gundalian Invaders)
S3,Set K,Bakugan Traps,Metalfencer,https://bakugan.fandom.com/wiki/Metalfencer,S3 (Gundalian Invaders)
S3,Set K,Bakugan Traps,Scorpion,https://bakugan.fandom.com/wiki/Scorpion,S3 (Gundalian Invaders)
S3,Set K,Bakugan Traps,Triad El Condor,https://bakugan.fandom.com/wiki/Triad_El_Condor,S3 (Gundalian Invaders)
S3,Set K,Bakugan Traps,Triad Sphinx,https://bakugan.fandom.com/wiki/Triad_Sphinx,S3 (Gundalian Invaders)
S3,Set L,Core Bakugan,Akwimos,https://bakugan.fandom.com/wiki/Akwimos,S3 (Gundalian Invaders)
S3,Set L,Core Bakugan,Aranaut,https://bakugan.fandom.com/wiki/Aranaut,S3 (Gundalian Invaders)
S3,Set L,Core Bakugan,Hakapoid,https://bakugan.fandom.com/wiki/Hakapoid,S3 (Gundalian Invaders)
S3,Set L,Core Bakugan,Krakix,https://bakugan.fandom.com/wiki/Krakix,S3 (Gundalian Invaders)
S3,Set L,Core Bakugan,Lumino Dragonoid,https://bakugan.fandom.com/wiki/Lumino_Dragonoid,S3 (Gundalian Invaders)
S3,Set L,Core Bakugan,Sabator,https://bakugan.fandom.com/wiki/Sabator,S3 (Gundalian Invaders)
S3,Set L,Battle Gear,Battle Sabre,https://bakugan.fandom.com/wiki/Battle_Sabre,S3 (Gundalian Invaders)
S3,Set L,Battle Gear,Boomix,https://bakugan.fandom.com/wiki/Boomix,S3 (Gundalian Invaders)
S3,Set L,Battle Gear,Chompixx,https://bakugan.fandom.com/wiki/Chompixx,S3 (Gundalian Invaders)
S3,Set L,Battle Gear,Zukanator,https://bakugan.fandom.com/wiki/Zukanator,S3 (Gundalian Invaders)
S3,Set L,Super Assault,Glotronoid,https://bakugan.fandom.com/wiki/Glotronoid,S3 (Gundalian Invaders)
S3,Set L,Super Assault,Merlix,https://bakugan.fandom.com/wiki/Merlix,S3 (Gundalian Invaders)
S3,Set L,Super Assault,Mystic Chancer,https://bakugan.fandom.com/wiki/Mystic_Chancer,S3 (Gundalian Invaders)
S3,Set L,Super Assault,Raptorix,https://bakugan.fandom.com/wiki/Raptorix,S3 (Gundalian Invaders)
S3,Set L,Super Assault,Splight,https://bakugan.fandom.com/wiki/Splight,S3 (Gundalian Invaders)
S3,Set M,Core Bakugan,Contestir,https://bakugan.fandom.com/wiki/Contestir,S3 (Gundalian Invaders)
S3,Set M,Core Bakugan,Hawktor,https://bakugan.fandom.com/wiki/Hawktor,S3 (Gundalian Invaders)
S3,Set M,Core Bakugan,Linehalt,https://bakugan.fandom.com/wiki/Linehalt,S3 (Gundalian Invaders)
S3,Set M,Core Bakugan,Lythirus,https://bakugan.fandom.com/wiki/Lythirus,S3 (Gundalian Invaders)
S3,Set M,Core Bakugan,Plitheon,https://bakugan.fandom.com/wiki/Plitheon,S3 (Gundalian Invaders)
S3,Set M,Core Bakugan,Rubanoid,https://bakugan.fandom.com/wiki/Rubanoid,S3 (Gundalian Invaders)
S3,Set M,Battle Gear,Barias Gear,https://bakugan.fandom.com/wiki/Barias_Gear,S3 (Gundalian Invaders)
S3,Set M,Battle Gear,Battle Crusher,https://bakugan.fandom.com/wiki/Battle_Crusher,S3 (Gundalian Invaders)
S3,Set M,Battle Gear,Lansor,https://bakugan.fandom.com/wiki/Lansor,S3 (Gundalian Invaders)
S3,Set M,Battle Gear,Terrorcrest,https://bakugan.fandom.com/wiki/Terrorcrest,S3 (Gundalian Invaders)
S3,Set M,Super Assault,Apexeon,https://bakugan.fandom.com/wiki/Apexeon,S3 (Gundalian Invaders)
S3,Set M,Super Assault,Breezak,https://bakugan.fandom.com/wiki/Breezak,S3 (Gundalian Invaders)
S3,Set M,Super Assault,Cobrakus,https://bakugan.fandom.com/wiki/Cobrakus,S3 (Gundalian Invaders)
S3,Set M,Super Assault,Longfly,https://bakugan.fandom.com/wiki/Longfly,S3 (Gundalian Invaders)
S3,Set N,Core Bakugan,Aksela,https://bakugan.fandom.com/wiki/Aksela,S3 (Gundalian Invaders)
S3,Set N,Core Bakugan,Blitz Dragonoid,https://bakugan.fandom.com/wiki/Blitz_Dragonoid,S3 (Gundalian Invaders)
S3,Set N,Core Bakugan,Dartaak,https://bakugan.fandom.com/wiki/Dartaak,S3 (Gundalian Invaders)
S3,Set N,Core Bakugan,Fangoid,https://bakugan.fandom.com/wiki/Fangoid,S3 (Gundalian Invaders)
S3,Set N,Core Bakugan,Jetro,https://bakugan.fandom.com/wiki/Jetro,S3 (Gundalian Invaders)
S3,Set N,Core Bakugan,Luxtor,https://bakugan.fandom.com/wiki/Luxtor,S3 (Gundalian Invaders)
S3,Set N,Core Bakugan,Phantom Dharak,https://bakugan.fandom.com/wiki/Phantom_Dharak,S3 (Gundalian Invaders)
S3,Set N,Core Bakugan,Sky & Gaia Dragonoid,https://bakugan.fandom.com/wiki/Sky_%26_Gaia_Dragonoid,S3 (Gundalian Invaders)
S3,Set N,Core Bakugan,Spidaro,https://bakugan.fandom.com/wiki/Spidaro,S3 (Gundalian Invaders)
S3,Set N,Core Bakugan,Zeon Hylash,https://bakugan.fandom.com/wiki/Zeon_Hylash,S3 (Gundalian Invaders)
S3,Set N,Battle Gear,Gigarth,https://bakugan.fandom.com/wiki/Gigarth,S3 (Gundalian Invaders)
S3,Set N,Battle Gear,Lashor,https://bakugan.fandom.com/wiki/Lashor,S3 (Gundalian Invaders)
S3,Set N,Battle Gear,Razoid,https://bakugan.fandom.com/wiki/Razoid,S3 (Gundalian Invaders)
S3,Set N,Battle Gear,Spartablaster,https://bakugan.fandom.com/wiki/Spartablaster,S3 (Gundalian Invaders)
S3,Set N,Battle Gear,Swayther,https://bakugan.fandom.com/wiki/Swayther,S3 (Gundalian Invaders)
S3,Set N,Battle Gear,Vicer,https://bakugan.fandom.com/wiki/Vicer,S3 (Gundalian Invaders)
S3,Set N,Super Assault,Gyrazor,https://bakugan.fandom.com/wiki/Gyrazor,S3 (Gundalian Invaders)
S3,Set N,Super Assault,Irisca,https://bakugan.fandom.com/wiki/Irisca,S3 (Gundalian Invaders)
S3,Set N,Super Assault,Quakix Gorem,https://bakugan.fandom.com/wiki/Quakix_Gorem,S3 (Gundalian Invaders)
S3,Set N,Super Assault,Ziperator,https://bakugan.fandom.com/wiki/Ziperator,S3 (Gundalian Invaders)
S3,Set O,Core Bakugan,Battalix Dragonoid,https://bakugan.fandom.com/wiki/Battalix_Dragonoid,S3 (Gundalian Invaders)
S3,Set O,Core Bakugan,Brawlacus Dharak,https://bakugan.fandom.com/wiki/Brawlacus_Dharak,S3 (Gundalian Invaders)
S3,Set O,Battle Gear,Axator Gear,https://bakugan.fandom.com/wiki/Axator_Gear,S3 (Gundalian Invaders)
S3,Set O,Battle Gear,Beamblitzer,https://bakugan.fandom.com/wiki/Beamblitzer,S3 (Gundalian Invaders)
S3,Set O,Battle Gear,Blasteroid,https://bakugan.fandom.com/wiki/Blasteroid,S3 (Gundalian Invaders)
S3,Set O,Battle Gear,Nukix Gear,https://bakugan.fandom.com/wiki/Nukix_Gear,S3 (Gundalian Invaders)
S3,Set O,Battle Gear,Riptor,https://bakugan.fandom.com/wiki/Riptor,S3 (Gundalian Invaders)
S3,Set O,Battle Gear,Smashtor,https://bakugan.fandom.com/wiki/Smashtor,S3 (Gundalian Invaders)
S3,Set O,Mobile Assault,Impalaton,https://bakugan.fandom.com/wiki/Impalaton,S3 (Gundalian Invaders)
S3,Set O,Mobile Assault,Jakalier,https://bakugan.fandom.com/wiki/Jakalier,S3 (Gundalian Invaders)
S3,Set O,Ultimate Bakugan Formations,Dharak Colossus,https://bakugan.fandom.com/wiki/Dharak_Colossus,S3 (Gundalian Invaders)
S3,Set O,Ultimate Bakugan Formations,Dragonoid Colossus,https://bakugan.fandom.com/wiki/Dragonoid_Colossus,S3 (Gundalian Invaders)
S3,Set O,Ultimate Bakugan Formations,Exokor,https://bakugan.fandom.com/wiki/Exokor,S3 (Gundalian Invaders)
S3,Set P,Core Bakugan,Damakor,https://bakugan.fandom.com/wiki/Damakor,S3 (Gundalian Invaders)
S3,Set P,Core Bakugan,Gren,https://bakugan.fandom.com/wiki/Gren,S3 (Gundalian Invaders)
S3,Set P,Core Bakugan,Lockanoid,https://bakugan.fandom.com/wiki/Lockanoid,S3 (Gundalian Invaders)
S3,Set P,Core Bakugan,Megarus,https://bakugan.fandom.com/wiki/Megarus,S3 (Gundalian Invaders)
S3,Set P,Core Bakugan,Nastix,https://bakugan.fandom.com/wiki/Nastix,S3 (Gundalian Invaders)
S3,Set P,Core Bakugan,Olifus,https://bakugan.fandom.com/wiki/Olifus,S3 (Gundalian Invaders)
S3,Set P,Core Bakugan,Ramdol,https://bakugan.fandom.com/wiki/Ramdol,S3 (Gundalian Invaders)
S3,Set P,Core Bakugan,Rickoran,https://bakugan.fandom.com/wiki/Rickoran,S3 (Gundalian Invaders)
S3,Set P,Core Bakugan,Scaboid,https://bakugan.fandom.com/wiki/Scaboid,S3 (Gundalian Invaders)
S3,Set P,Battle Gear,Destrakon Gear,https://bakugan.fandom.com/wiki/Destrakon_Gear,S3 (Gundalian Invaders)
S3,Set P,Battle Gear,Explosix Gear,https://bakugan.fandom.com/wiki/Explosix_Gear,S3 (Gundalian Invaders)
S3,Set P,Battle Gear,Helmgund,https://bakugan.fandom.com/wiki/Helmgund,S3 (Gundalian Invaders)
S3,Set P,Battle Gear,Terrix Gear,https://bakugan.fandom.com/wiki/Terrix_Gear,S3 (Gundalian Invaders)
S3,Set P,Super Assault,Buz Hornix,https://bakugan.fandom.com/wiki/Buz_Hornix,S3 (Gundalian Invaders)
S3,Set P,Super Assault,Sprayzer,https://bakugan.fandom.com/wiki/Sprayzer,S3 (Gundalian Invaders)
S3,Set P,Super Assault,Venoclaw,https://bakugan.fandom.com/wiki/Venoclaw,S3 (Gundalian Invaders)
S3,Set P,Super Assault,Volt Elezoid,https://bakugan.fandom.com/wiki/Volt_Elezoid,S3 (Gundalian Invaders)
S3,Set P,Mobile Assault,Raytheus,https://bakugan.fandom.com/wiki/Raytheus,S3 (Gundalian Invaders)
S3,Anime Exclusive Bakugan,Core Bakugan,Dharaknoid,https://bakugan.fandom.com/wiki/Dharaknoid,S3 (Gundalian Invaders)
S3,Anime Exclusive Bakugan,Core Bakugan,Genesis Dragonoid,https://bakugan.fandom.com/wiki/Genesis_Dragonoid,S3 (Gundalian Invaders)
S3,Anime Exclusive Bakugan,Core Bakugan,Neo Ziperator,https://bakugan.fandom.com/wiki/Neo_Ziperator,S3 (Gundalian Invaders)
S4,Set Q,Core Bakugan,Alpha Hydranoid,https://bakugan.fandom.com/wiki/Alpha_Hydranoid,S4 (Mechtanium Surge)
S4,Set Q,Core Bakugan,Bolcanon,https://bakugan.fandom.com/wiki/Bolcanon,S4 (Mechtanium Surge)
S4,Set Q,Core Bakugan,Cyborg Helios,https://bakugan.fandom.com/wiki/Cyborg_Helios,S4 (Mechtanium Surge)
S4,Set Q,Core Bakugan,Cyclone Percival,https://bakugan.fandom.com/wiki/Cyclone_Percival,S4 (Mechtanium Surge)
S4,Set Q,Core Bakugan,Dharak,https://bakugan.fandom.com/wiki/Dharak,S4 (Mechtanium Surge)
S4,Set Q,Core Bakugan,Dragonoid,https://bakugan.fandom.com/wiki/Dragonoid,S4 (Mechtanium Surge)
S4,Set Q,Core Bakugan,Flash Ingram,https://bakugan.fandom.com/wiki/Flash_Ingram,S4 (Mechtanium Surge)
S4,Set Q,Core Bakugan,Helix Dragonoid,https://bakugan.fandom.com/wiki/Helix_Dragonoid,S4 (Mechtanium Surge)
S4,Set Q,Core Bakugan,Iron Dragonoid,https://bakugan.fandom.com/wiki/Iron_Dragonoid,S4 (Mechtanium Surge)
S4,Set Q,Core Bakugan,Meta Dragonoid,https://bakugan.fandom.com/wiki/Meta_Dragonoid,S4 (Mechtanium Surge)
S4,Set Q,Core Bakugan,Mutant Elfin,https://bakugan.fandom.com/wiki/Mutant_Elfin,S4 (Mechtanium Surge)
S4,Set Q,Core Bakugan,Neo Dragonoid,https://bakugan.fandom.com/wiki/Neo_Dragonoid,S4 (Mechtanium Surge)
S4,Set Q,Core Bakugan,Razenoid,https://bakugan.fandom.com/wiki/Razenoid,S4 (Mechtanium Surge)
S4,Set Q,Core Bakugan,Taylean,https://bakugan.fandom.com/wiki/Taylean,S4 (Mechtanium Surge)
S4,Set Q,BakuNano,Bombaplode,https://bakugan.fandom.com/wiki/Bombaplode,S4 (Mechtanium Surge)
S4,Set Q,BakuNano,Crosstriker,https://bakugan.fandom.com/wiki/Crosstriker,S4 (Mechtanium Surge)
S4,Set Q,BakuNano,Hammermor,https://bakugan.fandom.com/wiki/Hammermor,S4 (Mechtanium Surge)
S4,Set Q,BakuNano,Hyper Pulsor,https://bakugan.fandom.com/wiki/Hyper_Pulsor,S4 (Mechtanium Surge)
S4,Set Q,BakuNano,Slingpike,https://bakugan.fandom.com/wiki/Slingpike,S4 (Mechtanium Surge)
S4,Set Q,BakuNano,Sonicanon,https://bakugan.fandom.com/wiki/Sonicanon,S4 (Mechtanium Surge)
S4,Set Q,Mechtogan,Braxion,https://bakugan.fandom.com/wiki/Braxion,S4 (Mechtanium Surge)
S4,Set Q,Mechtogan,Deezall,https://bakugan.fandom.com/wiki/Deezall,S4 (Mechtanium Surge)
S4,Set Q,Mechtogan,Venexus,https://bakugan.fandom.com/wiki/Venexus,S4 (Mechtanium Surge)
S4,Set Q,Mechtogan,Zenthon,https://bakugan.fandom.com/wiki/Zenthon,S4 (Mechtanium Surge)
S4,Set Q,Mechtogan Titans,Venexus Titan,https://bakugan.fandom.com/wiki/Venexus_Titan,S4 (Mechtanium Surge)
S4,Set Q,Mechtogan Titans,Zenthon Titan,https://bakugan.fandom.com/wiki/Zenthon_Titan,S4 (Mechtanium Surge)
S4,Set Q,Mobile Assault,Axellor,https://bakugan.fandom.com/wiki/Axellor,S4 (Mechtanium Surge)
S4,Set Q,Mobile Assault,Hurrix,https://bakugan.fandom.com/wiki/Hurrix,S4 (Mechtanium Surge)
S4,Set Q,Mobile Assault,Impalaton,https://bakugan.fandom.com/wiki/Impalaton,S4 (Mechtanium Surge)
S4,Set Q,Mobile Assault,Raytheus,https://bakugan.fandom.com/wiki/Raytheus,S4 (Mechtanium Surge)
S4,Set Q,BakuSteel Traps,Falcon Fly,https://bakugan.fandom.com/wiki/Falcon_Fly,S4 (Mechtanium Surge)
S4,Set Q,BakuSteel Traps,Hexstar,https://bakugan.fandom.com/wiki/Hexstar,S4 (Mechtanium Surge)
S4,Set Q,BakuSteel Traps,Hylash,https://bakugan.fandom.com/wiki/Hylash,S4 (Mechtanium Surge)
S4,Set Q,BakuSteel Traps,Piercian,https://bakugan.fandom.com/wiki/Piercian,S4 (Mechtanium Surge)
S4,Set Q,BakuSteel Traps,Triad El Condor,https://bakugan.fandom.com/wiki/Triad_El_Condor,S4 (Mechtanium Surge)
S4,Set Q,BakuSteel Traps,Triad Sphinx,https://bakugan.fandom.com/wiki/Triad_Sphinx,S4 (Mechtanium Surge)
S4,Set Q,BakuSteel Traps,Tripod Epsilon,https://bakugan.fandom.com/wiki/Tripod_Epsilon,S4 (Mechtanium Surge)
S4,Set R,Core Bakugan,Hyper Dragonoid,https://bakugan.fandom.com/wiki/Hyper_Dragonoid,S4 (Mechtanium Surge)
S4,Set R,Core Bakugan,Infinity Helios,https://bakugan.fandom.com/wiki/Infinity_Helios,S4 (Mechtanium Surge)
S4,Set R,Core Bakugan,Infinity Trister,https://bakugan.fandom.com/wiki/Infinity_Trister,S4 (Mechtanium Surge)
S4,Set R,Core Bakugan,Krakenoid,https://bakugan.fandom.com/wiki/Krakenoid,S4 (Mechtanium Surge)
S4,Set R,Core Bakugan,Lumino Dragonoid,https://bakugan.fandom.com/wiki/Lumino_Dragonoid,S4 (Mechtanium Surge)
S4,Set R,Core Bakugan,Phantom Dharak,https://bakugan.fandom.com/wiki/Phantom_Dharak,S4 (Mechtanium Surge)
S4,Set R,Core Bakugan,Titanium Dragonoid,https://bakugan.fandom.com/wiki/Titanium_Dragonoid,S4 (Mechtanium Surge)
S4,Set R,Core Bakugan,Vertexx,https://bakugan.fandom.com/wiki/Vertexx,S4 (Mechtanium Surge)
S4,Set R,Core Bakugan,Viper Helios,https://bakugan.fandom.com/wiki/Viper_Helios,S4 (Mechtanium Surge)
S4,Set R,Core Bakugan,Wolfurio,https://bakugan.fandom.com/wiki/Wolfurio,S4 (Mechtanium Surge)
S4,Set R,BakuMutant,Mercury Dragonoid,https://bakugan.fandom.com/wiki/Mercury_Dragonoid,S4 (Mechtanium Surge)
S4,Set R,BakuMutant,Mutant Taylean,https://bakugan.fandom.com/wiki/Mutant_Taylean,S4 (Mechtanium Surge)
S4,Set R,BakuNano,Daftorix,https://bakugan.fandom.com/wiki/Daftorix,S4 (Mechtanium Surge)
S4,Set R,BakuNano,Lanzato,https://bakugan.fandom.com/wiki/Lanzato,S4 (Mechtanium Surge)
S4,Set R,BakuNano,Shoxrox,https://bakugan.fandom.com/wiki/Shoxrox,S4 (Mechtanium Surge)
S4,Set R,BakuNano,Slicerix,https://bakugan.fandom.com/wiki/Slicerix,S4 (Mechtanium Surge)
S4,Set R,Mechtogan,Accelerak,https://bakugan.fandom.com/wiki/Accelerak,S4 (Mechtanium Surge)
S4,Set R,Mechtogan,Dreadeon,https://bakugan.fandom.com/wiki/Dreadeon,S4 (Mechtanium Surge)
S4,Set R,Mechtogan,Silent Strike,https://bakugan.fandom.com/wiki/Silent_Strike,S4 (Mechtanium Surge)
S4,Set R,Mechtogan,Slynix,https://bakugan.fandom.com/wiki/Slynix,S4 (Mechtanium Surge)
S4,Set R,Mechtogan,Vexfist,https://bakugan.fandom.com/wiki/Vexfist,S4 (Mechtanium Surge)
S4,Set R,Mechtogan Titans,Faser Titan,https://bakugan.fandom.com/wiki/Faser_Titan,S4 (Mechtanium Surge)
S4,Set R,Mechtogan Titans,Razen Titan,https://bakugan.fandom.com/wiki/Razen_Titan,S4 (Mechtanium Surge)
S4,Set R,Mobile Assault,Koptorix,https://bakugan.fandom.com/wiki/Koptorix,S4 (Mechtanium Surge)
S4,Set R,Mobile Assault,Rapilator,https://bakugan.fandom.com/wiki/Rapilator,S4 (Mechtanium Surge)
S4,Set R,Mobile Assault,Zoompha,https://bakugan.fandom.com/wiki/Zoompha,S4 (Mechtanium Surge)
S4,Set R,BakuSteel Traps,Fire Scorpion,https://bakugan.fandom.com/wiki/Fire_Scorpion,S4 (Mechtanium Surge)
S4,Set R,BakuSteel Traps,Fortress,https://bakugan.fandom.com/wiki/Fortress,S4 (Mechtanium Surge)
S4,Set R,BakuSteel Traps,Tripod Theta,https://bakugan.fandom.com/wiki/Tripod_Theta,S4 (Mechtanium Surge)
S4,Set S,Core Bakugan,Boulderon,https://bakugan.fandom.com/wiki/Boulderon,S4 (Mechtanium Surge)
S4,Set S,Core Bakugan,Krowll,https://bakugan.fandom.com/wiki/Krowll,S4 (Mechtanium Surge)
S4,Set S,BakuNano,Aeroblaze,https://bakugan.fandom.com/wiki/Aeroblaze,S4 (Mechtanium Surge)
S4,Set S,BakuNano,Jamsaber,https://bakugan.fandom.com/wiki/Jamsaber,S4 (Mechtanium Surge)
S4,Set S,BakuNano,Orehammer,https://bakugan.fandom.com/wiki/Orehammer,S4 (Mechtanium Surge)
S4,Set S,BakuNano,Spearax,https://bakugan.fandom.com/wiki/Spearax,S4 (Mechtanium Surge)
S4,Set S,Mechtogan,Miserak,https://bakugan.fandom.com/wiki/Miserak,S4 (Mechtanium Surge)
S4,Set S,Mechtogan,Rockfist,https://bakugan.fandom.com/wiki/Rockfist,S4 (Mechtanium Surge)
S4,Set S,Mechtogan,Sky Sprint,https://bakugan.fandom.com/wiki/Sky_Sprint,S4 (Mechtanium Surge)
S4,Set S,Mechtogan,Smasheon,https://bakugan.fandom.com/wiki/Smasheon,S4 (Mechtanium Surge)
S4,Set S,Mechtogan,Swift Sweep,https://bakugan.fandom.com/wiki/Swift_Sweep,S4 (Mechtanium Surge)
S4,Set T,Baku Sky Raiders,Fusion Dragonoid,https://bakugan.fandom.com/wiki/Fusion_Dragonoid,S4 (Mechtanium Surge)
S4,Set T,Baku Sky Raiders,Jaakor,https://bakugan.fandom.com/wiki/Jaakor,S4 (Mechtanium Surge)
S4,Set T,Baku Sky Raiders,Orbeum,https://bakugan.fandom.com/wiki/Orbeum,S4 (Mechtanium Surge)
S4,Set T,Baku Sky Raiders,Reptak,https://bakugan.fandom.com/wiki/Reptak,S4 (Mechtanium Surge)
S4,Set T,Baku Sky Raiders,Skytruss,https://bakugan.fandom.com/wiki/Skytruss,S4 (Mechtanium Surge)
S4,Set T,Baku Sky Raiders Combinations,Aeroblitz,https://bakugan.fandom.com/wiki/Aeroblitz,S4 (Mechtanium Surge)
S4,Set T,Baku Sky Raiders Combinations,Magmafury,https://bakugan.fandom.com/wiki/Magmafury,S4 (Mechtanium Surge)
S4,Set T,BakuFusion,Radizen,https://bakugan.fandom.com/wiki/Radizen,S4 (Mechtanium Surge)
S4,Set T,BakuFusion,Roxtor,https://bakugan.fandom.com/wiki/Roxtor,S4 (Mechtanium Surge)
S4,Set T,BakuFusion,Spatterix,https://bakugan.fandom.com/wiki/Spatterix,S4 (Mechtanium Surge)
S4,Set T,BakuFusion,Stronk,https://bakugan.fandom.com/wiki/Stronk,S4 (Mechtanium Surge)
S4,Set T,BakuFusion Combinations,Betakor,https://bakugan.fandom.com/wiki/Betakor,S4 (Mechtanium Surge)
S4,Set T,BakuFusion Combinations,Scorptak,https://bakugan.fandom.com/wiki/Scorptak,S4 (Mechtanium Surge)
S4,Set U,Core Bakugan,Lumagrowl,https://bakugan.fandom.com/wiki/Lumagrowl,S4 (Mechtanium Surge)
S4,Set U,Baku Sky Raiders,Betadron,https://bakugan.fandom.com/wiki/Betadron,S4 (Mechtanium Surge)
S4,Set U,Baku Sky Raiders,Kodokor,https://bakugan.fandom.com/wiki/Kodokor,S4 (Mechtanium Surge)
S4,Set U,Baku Sky Raiders,Mutabrid,https://bakugan.fandom.com/wiki/Mutabrid,S4 (Mechtanium Surge)
S4,Set U,Baku Sky Raiders Combinations,Gliderak,https://bakugan.fandom.com/wiki/Gliderak,S4 (Mechtanium Surge)
S4,Set U,BakuFusion,Balista,https://bakugan.fandom.com/wiki/Balista,S4 (Mechtanium Surge)
S4,Set U,BakuFusion,Worton,https://bakugan.fandom.com/wiki/Worton,S4 (Mechtanium Surge)
S4,Set U,BakuFusion Combinations,Volkaos,https://bakugan.fandom.com/wiki/Volkaos,S4 (Mechtanium Surge)
S4,Set U,Bakugan Battle Suits,Clawbruk,https://bakugan.fandom.com/wiki/Clawbruk,S4 (Mechtanium Surge)
S4,Set U,Bakugan Battle Suits,Fortatron,https://bakugan.fandom.com/wiki/Fortatron,S4 (Mechtanium Surge)
S4,Set U,Bakugan vs Marvel,Iron Man,https://bakugan.fandom.com/wiki/Iron_Man,S4 (Mechtanium Surge)
S4,Set U,Bakugan vs Marvel,Iron Man (Extremis Armor),https://bakugan.fandom.com/wiki/Iron_Man_(Extremis_Armor),S4 (Mechtanium Surge)
S4,Set U,Bakugan vs Marvel,Iron Man (Stealth Armor),https://bakugan.fandom.com/wiki/Iron_Man_(Stealth_Armor),S4 (Mechtanium Surge)
S4,Set U,Bakugan vs Marvel,Red Skull,https://bakugan.fandom.com/wiki/Red_Skull,S4 (Mechtanium Surge)
S4,Set U,Bakugan vs Marvel,Wolverine,https://bakugan.fandom.com/wiki/Wolverine,S4 (Mechtanium Surge)
S4,Set V,Core Bakugan,Commandix Dragonoid,https://bakugan.fandom.com/wiki/Commandix_Dragonoid,S4 (Mechtanium Surge)
S4,Set V,Baku Sky Raiders,Aerogan,https://bakugan.fandom.com/wiki/Aerogan,S4 (Mechtanium Surge)
S4,Set V,Mechtogan,Coredegon,https://bakugan.fandom.com/wiki/Coredegon,S4 (Mechtanium Surge)
S4,Set V,Mechtogan,Exostriker,https://bakugan.fandom.com/wiki/Exostriker,S4 (Mechtanium Surge)
S4,Set V,Mechtogan,Mandibor,https://bakugan.fandom.com/wiki/Mandibor,S4 (Mechtanium Surge)
S4,Set V,Mechtogan,Slycerak,https://bakugan.fandom.com/wiki/Slycerak,S4 (Mechtanium Surge)
S4,Set V,Mechtogan Destroyers,Dragonoid Destroyer,https://bakugan.fandom.com/wiki/Dragonoid_Destroyer,S4 (Mechtanium Surge)
S4,Set V,Mechtogan Destroyers,Mechtavius Destroyer,https://bakugan.fandom.com/wiki/Mechtavius_Destroyer,S4 (Mechtanium Surge)
S4,Set W,Core Bakugan,Horridian,https://bakugan.fandom.com/wiki/Horridian,S4 (Mechtanium Surge)
S4,Set W,Core Bakugan,Spyron,https://bakugan.fandom.com/wiki/Spyron,S4 (Mechtanium Surge)
S4,Set W,BakuMutants,Mutant Helios,https://bakugan.fandom.com/wiki/Mutant_Helios,S4 (Mechtanium Surge)
S4,Set W,BakuMutants,Mutant Krakenoid,https://bakugan.fandom.com/wiki/Mutant_Krakenoid,S4 (Mechtanium Surge)
S4,Set W,Mechtogan,Flytris,https://bakugan.fandom.com/wiki/Flytris,S4 (Mechtanium Surge)
S4,Set W,Mechtogan,Thorak,https://bakugan.fandom.com/wiki/Thorak,S4 (Mechtanium Surge)
S4,Set W,Mechtogan Combinations,Duomechtra,https://bakugan.fandom.com/wiki/Duomechtra,S4 (Mechtanium Surge)
S4,Set W,Bakugan vs Marvel,Captain America (Bucky Barnes),https://bakugan.fandom.com/wiki/Captain_America_(Bucky_Barnes),S4 (Mechtanium Surge)
S4,Set W,Bakugan vs Marvel,Captain America (Steve Rogers),https://bakugan.fandom.com/wiki/Captain_America_(Steve_Rogers),S4 (Mechtanium Surge)
S4,Set W,Bakugan vs Marvel,Spider Man,https://bakugan.fandom.com/wiki/Spider_Man,S4 (Mechtanium Surge)
S4,Set W,Bakugan vs Marvel,Spider Man (Symbiote Suit),https://bakugan.fandom.com/wiki/Spider_Man_(Symbiote_Suit),S4 (Mechtanium Surge)
S4,Set X,BakuMutant,Mutant Krowll,https://bakugan.fandom.com/wiki/Mutant_Krowll,S4 (Mechtanium Surge)
S4,Anime Exclusive Bakugan,Core Bakugan,Amazon,https://bakugan.fandom.com/wiki/Amazon,S4 (Mechtanium Surge)
S4,Anime Exclusive Bakugan,Core Bakugan,Brachiosaur,https://bakugan.fandom.com/wiki/Brachiosaur,S4 (Mechtanium Surge)
S4,Anime Exclusive Bakugan,Core Bakugan,Evolved Razenoid,https://bakugan.fandom.com/wiki/Evolved_Razenoid,S4 (Mechtanium Surge)
S4,Anime Exclusive Bakugan,Core Bakugan,Fury,https://bakugan.fandom.com/wiki/Fury,S4 (Mechtanium Surge)
S4,Anime Exclusive Bakugan,Core Bakugan,Tuskus,https://bakugan.fandom.com/wiki/Tuskus,S4 (Mechtanium Surge)
S4,Anime Exclusive Bakugan,Core Bakugan,Ventoraptor,https://bakugan.fandom.com/wiki/Ventoraptor,S4 (Mechtanium Surge)
S4,Anime Exclusive Bakugan,Baku Air Raiders,Atmos,https://bakugan.fandom.com/wiki/Atmos,S4 (Mechtanium Surge)
S4,Anime Exclusive Bakugan,Baku Air Raiders,Cosmic Ingram,https://bakugan.fandom.com/wiki/Cosmic_Ingram,S4 (Mechtanium Surge)
S4,Anime Exclusive Bakugan,Baku Air Raiders,Ravenoid,https://bakugan.fandom.com/wiki/Ravenoid,S4 (Mechtanium Surge)
S4,Anime Exclusive Bakugan,BakuMine,Unknown BakuMine,https://bakugan.fandom.com/wiki/Unknown_BakuMine,S4 (Mechtanium Surge)
S4,Anime Exclusive Bakugan,BakuNano,Batterax,https://bakugan.fandom.com/wiki/Batterax,S4 (Mechtanium Surge)
S4,Anime Exclusive Bakugan,BakuNano,Blamtheon,https://bakugan.fandom.com/wiki/Blamtheon,S4 (Mechtanium Surge)
S4,Anime Exclusive Bakugan,BakuNano,Boomenator,https://bakugan.fandom.com/wiki/Boomenator,S4 (Mechtanium Surge)
S4,Anime Exclusive Bakugan,BakuNano,Boompike,https://bakugan.fandom.com/wiki/Boompike,S4 (Mechtanium Surge)
S4,Anime Exclusive Bakugan,BakuNano,Reconblast,https://bakugan.fandom.com/wiki/Reconblast,S4 (Mechtanium Surge)
S4,Anime Exclusive Bakugan,BakuNano,Snipeon,https://bakugan.fandom.com/wiki/Snipeon,S4 (Mechtanium Surge)
S4,Anime Exclusive Bakugan,BakuNano,Zillinger,https://bakugan.fandom.com/wiki/Zillinger,S4 (Mechtanium Surge)
S4,Anime Exclusive Bakugan,Mechtogan,Chromopod,https://bakugan.fandom.com/wiki/Chromopod,S4 (Mechtanium Surge)
S4,Anime Exclusive Bakugan,Bakugan vs Marvel,Hulk,https://bakugan.fandom.com/wiki/Hulk,S4 (Mechtanium Surge)
S4,Anime Exclusive Bakugan,Bakugan vs Marvel,Loki,https://bakugan.fandom.com/wiki/Loki,S4 (Mechtanium Surge)
S4,Anime Exclusive Bakugan,Bakugan vs Marvel,Red Hulk,https://bakugan.fandom.com/wiki/Red_Hulk,S4 (Mechtanium Surge)
S4,Anime Exclusive Bakugan,Bakugan vs Marvel,The Mighty Thor,https://bakugan.fandom.com/wiki/The_Mighty_Thor,S4 (Mechtanium Surge)
S4,Anime Exclusive Bakugan,Bakugan vs Marvel,Thor,https://bakugan.fandom.com/wiki/Thor,S4 (Mechtanium Surge)
